status,address
Completed,150 LAU AWA PL LAHAINA HI 96761
Completed,150 LAU AWA PL LAHAINA HI 96761
Completed,440 POLIPOLI RD KULA HI 96790
In Review,nan
In Review,920 PUIKI PL LAHAINA HI 96761
In Review,283 WAIEHU BEACH RD WAILUKU HI 96793
In Review,6 S PUUNENE AVE KAHULUI HI 96732
In Review,211 PANAEWA PL LAHAINA HI 96761
In Review,2101 MOKUHAU RD Unit: D WAILUKU HI 96793
In Review,874 KALE ST LAHAINA HI 96761
In Review,117 MAA ST KAHULUI HI 96732
In Review,225 HOKIOKIO PL LAHAINA HI 96761
In Review,221 MAHALANI ST KAHULUI HI 96732
In Review,5415 MAKENA ALANUI RD KIHEI HI 96753
In Review,nan
In Review,206 LAUO LOOP KAHULUI HI 96732
In Review,144 HAMAU PL LAHAINA HI 96761
In Review,1518 MALO ST LAHAINA HI 96761
In Review,463 NAALAE RD KULA HI 96790
In Review,nan
In Review,2284 S KIHEI RD KIHEI HI 96753
In Review,265 MAMO PL WAILUKU HI 96793
In Review,1146 LOWER MAIN ST WAILUKU HI 96793
In Review,nan
In Review,898 LUI ST LAHAINA HI 96761
In Review,351 DICKENSON STREET LAHAINA HI 96761
In Review,104 WAHIKULI RD LAHAINA HI 96761
In Review,nan
In Review,nan
In Review,218 LAUO LOOP KAHULUI HI 96732
In Review,474 HILINAI ST WAILUKU HI 96793
In Review,519 BALDWIN AVE PAIA HI 96779
In Review,64 AIPUNI ST LAHAINA HI 96761
In Review,64 PUALEI DR Unit: 4 LAHAINA HI 96761
In Review,40 PUAKUKUI PL Unit: 1 LAHAINA HI 96761
In Review,175 PUALOKE PL Unit: 4 LAHAINA HI 96761
In Review,71 PUAPAKE PL Unit: 4 LAHAINA HI 96761
In Review,62 PUAKUKUI PL Unit: 1 LAHAINA HI 96761
In Review,52 PUAKUKUI PL Unit: 1 LAHAINA HI 96761
In Review,23 PUALEI DR Unit: 4 LAHAINA HI 96761
Void,57 PUALOKE PL LAHAINA HI 96761
In Review,225 FRONT ST Unit: 3 LAHAINA HI 96761
In Review,25 PUAKUKUI PL Unit: 1 LAHAINA HI 96761
In Review,41 PUAPAKE PL Unit: 1 LAHAINA HI 96761
In Review,28 PUAPAKE PL Unit: 1 LAHAINA HI 96761
In Review,15 PUAKUKUI PL Unit: 4 LAHAINA HI 96761
In Review,529 HIILEI PL WAILUKU HI 96793
In Review,12 PUAILIMA PL Unit: 4 LAHAINA HI 96761
In Review,10 PUAPAKE PL Unit: 1 LAHAINA HI 96761
In Review,17 PUALOKE PL LAHAINA HI 96761
In Review,55 PUAPAKE PL Unit: 1 LAHAINA HI 96761
In Review,225 FRONT ST Unit: 4 LAHAINA HI 96761
In Review,225 FRONT ST Unit: 2 LAHAINA HI 96761
In Review,225 FRONT ST Unit: 1 LAHAINA HI 96761
In Review,38 PUALOKE PL Unit: 4 LAHAINA HI 96761
In Review,20 PUAILIMA PL Unit: 1 LAHAINA HI 96761
In Review,35 PUALOKE PL LAHAINA HI 96761
In Review,1024 FRONT ST LAHAINA HI 96761
In Review,64 AIPUNI ST LAHAINA HI 96761
In Review,1034 FRONT ST LAHAINA HI 96761
In Review,112 W PAPA AVE KAHULUI HI 96732
In Review,nan
In Review,4007 LOWER HONOAPIILANI RD LAHAINA HI 96761
In Review,2511 S KIHEI RD Unit: 102 KIHEI HI 96753
In Review,115 HOOWAIWAI LOOP WAILUKU HI 96793
In Review,nan
In Review,1941 S KIHEI RD KIHEI HI 96753
In Review,nan
In Review,nan
In Review,10 MANINO CIR KIHEI HI 96753
In Review,150 MANINO CIR KIHEI HI 96753
In Review,4347 LOWER HONOAPIILANI RD LAHAINA HI 96761
In Review,5271 LOWER HONOAPIILANI RD LAHAINA HI 96761
In Review,483 S KIHEI RD KIHEI HI 96753
Submitted ,3985 LOWER HONOAPIILANI RD LAHAINA HI 96761
Submitted ,2619 S KIHEI RD KIHEI HI 96753
In Review,5255 LOWER HONOAPIILANI RD LAHAINA HI 96761
In Review,3800 WAILEA ALANUI DR KIHEI HI 96753
In Review,707 NOWEO PL WAILUKU HI 96793
In Review,145 N KIHEI RD KIHEI HI 96753
In Review,1217 FRONT ST LAHAINA HI 96761
In Review,3214 S KIHEI RD KIHEI HI 96753
In Review,231 LALO ST KAHULUI HI 96732
In Review,216 KAWAIPUNA PL WAILUKU HI 96793
In Review,850 FRONT ST LAHAINA HI 96761
In Review,48 ULUPONO ST LAHAINA HI 96761
In Review,975 LIMAHANA PL LAHAINA HI 96761
In Review,35 N MOHALA ST KAUNAKAKAI HI 96748
In Review,260 HANA HWY KAHULUI HI 96732
In Review,nan
In Review,nan
In Review,483 S HIGH ST WAILUKU HI 96793
In Review,2968 OLD HALEAKALA HWY MAKAWAO HI 96768
In Review,123 HANA HWY PAIA HI 96779
In Review,35 LUNALILO ST WAILUKU HI 96793
In Review,252 LAHAINALUNA RD LAHAINA HI 96761
In Review,2114 W VINEYARD ST WAILUKU HI 96793
In Review,156 E WAKEA AVE KAHULUI HI 96732
Submitted ,2065 W MAIN ST WAILUKU HI 96793
In Review,2020 PAKAHI ST WAILUKU HI 96793
In Review,270 WAIEHU BEACH RD WAILUKU HI 96793
In Review,34 ALAE ST KAHULUI HI 96732
In Review,914 KUULEI ST HAIKU HI 96708
In Review,2936 S KIHEI RD KIHEI HI 96753
In Review,48 N MARKET ST WAILUKU HI 96793
In Review,227 LAHAINALUNA RD LAHAINA HI 96761
In Review,500 PUUKOLII RD LAHAINA HI 96761
In Review,816 FRONT ST LAHAINA HI 96761
In Review,87 HANA HWY PAIA HI 96779
In Review,562 FRONT ST Unit: C LAHAINA HI 96761
In Review,80 HANA HWY KAHULUI HI 96732
In Review,3701 LOWER HONOAPIILANI RD LAHAINA HI 96761
In Review,nan
In Review,nan
In Review,nan
In Review,nan
In Review,55 MAHALANI ST WAILUKU HI 96793
In Review,275 UHU ST KAHULUI HI 96732
In Review,nan
In Review,nan
In Review,50 PUU ANOANO ST Unit: 1001 LAHAINA HI 96761
In Review,305 E WAKEA AVE KAHULUI HI 96732
In Review,150 KEOLANI PL KAHULUI HI 96732
In Review,1450 S KIHEI RD KIHEI HI 96753
In Review,120 PAPALAUA ST LAHAINA HI 96761
In Review,1844 WILI PA LOOP WAILUKU HI 96793
In Review,385 HUKILIKE ST KAHULUI HI 96732
In Review,280 HOOKAHI ST WAILUKU HI 96793
In Review,3559 LOWER HONOAPIILANI RD LAHAINA HI 96761
In Review,76 WALAKA ST KIHEI HI 96753
In Review,100 KULANIHAKOI ST KIHEI HI 96753
In Review,411 LEHUAKONA ST KAHULUI HI 96732
In Review,90 PUKALANI ST MAKAWAO HI 96768
In Review,2201 PIILANI HWY KIHEI HI 96753
In Review,nan
In Review,3812 LOWER HONOAPIILANI HWY LAHAINA HI 96761
In Review,21 OLALI ST LAHAINA HI 96761
In Review,1383 KAHOMA ST LAHAINA HI 96761
In Review,45 AOLOA LOOP Unit: A KAHULUI HI 96732
In Review,896 PUIKI PL LAHAINA HI 96761
In Review,1576 HALAMA ST KIHEI HI 96753
In Review,159 FLEMING RD LAHAINA HI 96761
In Review,2701 KEIKILANI ST MAKAWAO HI 96768
Void,nan
In Review,66 HALELANI PL KIHEI HI 96753
In Review,259 PUAPIHI ST LAHAINA HI 96761
In Review,101 MAA PL KAHULUI HI 96732
Submitted ,348 JACARANDA ST LANAI CITY HI 96763
In Review,770 KAI HUKI CIR HAIKU HI 96708
In Review,317 HAULANI ST MAKAWAO HI 96768
In Review,174 FLEMING RD LAHAINA HI 96761
In Review,269 KOMO MAI ST LAHAINA HI 96761
In Review,148 FLEMING RD Unit: A LAHAINA HI 96761
In Review,913 KOPILI ST LAHAINA HI 96761
In Review,150 FLEMING RD Unit: 102 LAHAINA HI 96761
In Review,nan
In Review,48 NONOHE PL PAIA HI 96779
In Review,640 BALDWIN AVE PAIA HI 96779
In Review,754 ANALIO ST WAILUKU HI 96793
In Review,158 OMAIKAI PL LAHAINA HI 96761
In Review,nan
In Review,130 ALA MALAMA AVE KAUNAKAKAI HI 96748
In Review,120 FLEMING RD Unit: A LAHAINA HI 96761
In Review,714 FRONT ST LAHAINA HI 96761
In Review,700 OFFICE RD LAHAINA HI 96761
In Review,2116 MAHINAKEA ST WAILUKU HI 96793
In Review,45 KAI ALA DR LAHAINA HI 96761
In Review,460 8TH ST LANAI CITY HI 96763
In Review,2933 BALDWIN AVE MAKAWAO HI 96768
In Review,21 PUAPAKE PL Unit: 4 LAHAINA HI 96761
In Review,1312 N NINAU ST KIHEI HI 96753
In Review,285 OHAA ST KAHULUI HI 96732
In Review,174 W KAUAI ST KAHULUI HI 96732
In Review,67 KONALE PL KIHEI HI 96753
In Review,842 KALE ST LAHAINA HI 96761
In Review,201 PAKA PL KIHEI HI 96753
In Review,270 HOOKAHI ST WAILUKU HI 96793
In Review,1942 ALALOA RD KIHEI HI 96753
In Review,886 KAILI PL LAHAINA HI 96761
In Review,155 FLEMING RD LAHAINA HI 96761
In Review,211 MAIKA ST WAILUKU HI 96793
In Review,nan
In Review,201 HIKIAU RD HAIKU HI 96708
In Review,1056 FRONT ST LAHAINA HI 96761
In Review,150 HAUOLI ST WAILUKU HI 96793
In Review,352 ANAPUNI LOOP LAHAINA HI 96761
In Review,169 KALEPA PL KAHULUI HI 96732
In Review,635 HINA AVE KAHULUI HI 96732
In Review,280 MOIKE PL WAILUKU HI 96793
In Review,nan
In Review,326 KAEO PL LAHAINA HI 96761
In Review,582 KAHAKO ST LAHAINA HI 96761
In Review,401 ALIO ST Unit: 100 LAHAINA HI 96761
In Review,562 WAINEE ST LAHAINA HI 96761
In Review,274 LAKAU PL KIHEI HI 96753
In Review,821 KALE ST Unit: A LAHAINA HI 96761
In Review,3100 WAILEA ALANUI DR KIHEI HI 96753
In Review,3740 LOWER HONOAPIILANI RD LAHAINA HI 96761
In Review,614 PALAPALA DR KAHULUI HI 96732
In Review,9 KAMEHAMEHA V HWY KAUNAKAKAI HI 96748
In Review,520 KEOLANI PL KAHULUI HI 96732
In Review,232 LAHAINALUNA RD LAHAINA HI 96761
In Review,928 LOWER MAIN ST WAILUKU HI 96793
In Review,195 WAIMALUHIA LN WAILUKU HI 96793
In Review,1975 S KIHEI RD KIHEI HI 96753
In Review,2000 MAUI VETERANS HWY PUUNENE HI 96784
In Review,260 FARRINGTON AVE KUALAPUU HI 96757
In Review,110 HANA HWY KAHULUI HI 96732
In Review,212 AKEKE PL LAHAINA HI 96761
In Review,6900 Makena RD Kihei HI 96753
In Review,911 KAILI PL LAHAINA HI 96761
In Review,1369 KAHOMA ST LAHAINA HI 96761
Submitted ,972 FRONT ST LAHAINA HI 96761
In Review,17 NANAINA ST MAKAWAO HI 96768
In Review,186 PIIHOLO RD MAKAWAO HI
In Review,1322 AINAKEA RD LAHAINA HI 96761
In Review,65 MISSION ST WAILUKU HI 96793
In Review,335 DICKENSON ST LAHAINA HI 96761
In Review,364 AUHANA RD KIHEI HI 96753
In Review,1261 LOWER MAIN ST WAILUKU HI 96793
In Review,440 HAUOLA PL LAHAINA HI 96761
In Review,1224 LOWER MAIN ST WAILUKU HI 96793
In Review,518 ILIKAHI ST LAHAINA HI 96761
In Review,59 N MARKET ST WAILUKU HI 96793
In Review,1790 E VINEYARD ST WAILUKU HI 96793
In Review,467 AKI ST LAHAINA HI 96761
In Review,1285 AINAKEA RD LAHAINA HI 96761
In Review,166 OMAIKAI PL LAHAINA HI 96761
In Review,170 E WELAKAHAO RD KIHEI HI 96753
In Review,951 OLIOLI ST MAKAWAO HI 96768
In Review,3435 HOOKIPA PL KIHEI HI 96753
In Review,4850 MAKENA ALANUI RD KIHEI HI 96753
In Review,1993 S KIHEI RD Unit: 101 KIHEI HI 96753
In Review,4580 HANA HWY HANA HI 96713
In Review,674 LUAKINI ST LAHAINA HI 96761
In Review,194 LOWER WAIEHU BEACH RD WAILUKU HI 96793
In Review,742 HANA HWY PAIA HI 96779
In Review,435 WAINEE ST LAHAINA HI 96761
In Review,12 ALA MOANA ST LAHAINA HI 96761
In Review,1375 AINAKEA RD LAHAINA HI 96761
In Review,406 WAINEE ST LAHAINA HI 96761
In Review,nan
In Review,133 LEOLEO ST LAHAINA HI 96761
In Review,431 AKI ST LAHAINA HI 96761
In Review,1315 AINAKEA RD LAHAINA HI 96761
In Review,4000 WAILEA ALANUI DR KIHEI HI 96753
In Review,150 KANALOA AVE KAHULUI HI 96732
In Review,300 OHUKAI RD KIHEI HI 96753
In Review,89 ALAIHI ST KAHULUI HI 96732
In Review,280 HOME OLU PL KAUNAKAKAI HI 96748
In Review,230 LAUO LOOP KAHULUI HI 96732
In Review,570 WAINEE ST LAHAINA HI 96761
In Review,2000 MAUI VETERANS HWY PUUNENE HI 96784
In Review,1391 KOMOHANA PL LAHAINA HI 96761
In Review,2653 S KIHEI RD KIHEI HI 96753
In Review,43 KILOHANA DR KIHEI HI 96753
In Review,1221 HONOAPIILANI HWY LAHAINA HI 96761
In Review,1221 HONOAPIILANI HWY LAHAINA HI 96761
In Review,2301 KAANAPALI PKWY LAHAINA HI 96761
In Review,134 SHAW ST LAHAINA HI 96761
In Review,454 AINAKULA RD KULA HI 96790
In Review,15 HALELO ST LAHAINA HI 96761
In Review,120 ALAWAI RD PAIA HI 96779
In Review,457 LAHAINALUNA RD LAHAINA HI 96761
In Review,1010 FRONT ST LAHAINA HI 96761
In Review,535 KAINALU PL WAILUKU HI 96793
In Review,424 AKI ST LAHAINA HI 96761
In Review,410 AKI ST LAHAINA HI 96761
In Review,27 KUA PL LAHAINA HI 96761
In Review,482 PAUU PL LAHAINA HI 96761
In Review,768 KAHULA PL LAHAINA HI 96761
In Review,30 N CHURCH ST WAILUKU HI 96793
In Review,34 APALI WAY KULA HI 96790
In Review,1787 HALAMA ST KIHEI HI 96753
In Review,1948 E VINEYARD ST WAILUKU HI 96793
In Review,795 KAHULA PL LAHAINA HI 96761
In Review,1001 HUAAI RD HOOLEHUA HI 96729
In Review,nan
In Review,145 MARKET ST WAILUKU HI 96793
In Review,85 PULEHU PL KAHULUI HI 96732
In Review,641 MOLOKAI AKAU ST KAHULUI HI 96732
In Review,1186 KAUHIKOA RD HAIKU HI 96708
In Review,nan
In Review,114 PULEHU PL KAHULUI HI 96732
In Review,nan
In Review,nan
In Review,nan
In Review,373 MOLOKAI AKAU ST KAHULUI HI 96732
In Review,577 KAHENA ST LAHAINA HI 96761
In Review,1378 KOMOHANA PL LAHAINA HI 96761
In Review,840 WAINEE ST LAHAINA HI 96761
In Review,12 MANELE BAY RD LANAI CITY HI 96763
In Review,730 LUAKINI ST LAHAINA HI 96761
In Review,29 AKONI PL PAIA HI 96779
In Review,180 DICKENSON ST Unit: 111 LAHAINA HI 96761
In Review,nan
In Review,530 LAHAINALUNA RD LAHAINA HI 96761
In Review,453 ILIKAHI ST Unit: 100 LAHAINA HI 96761
In Review,1612 WAIANUKOLE ST LAHAINA HI 96761
In Review,292 KOMO MAI ST LAHAINA HI 96761
In Review,382 KAIOLOHIA ST KIHEI HI 96753
In Review,nan
In Review,4000 WAILEA ALANUI DR Unit: 1703 KIHEI HI 96753
In Review,11 MAHAOLU ST KAHULUI HI 96732
In Review,805 LIPOA PKWY KIHEI HI 96753
In Review,50 PUU ANOANO ST Unit: 3105 LAHAINA HI 96761
In Review,8100 PULEHU RD PUUNENE HI 96784
In Review,2530 KEKAA DR LAHAINA HI 96761
In Review,1378 KOMOHANA PL LAHAINA HI 96761
In Review,459 ALAKAPA PL PAIA HI 96779
In Review,464 LAULEA PL PAIA HI 96779
In Review,206 ANI ST KAHULUI HI 96732
In Review,67 LOWER KIMO DR KULA HI 96790
In Review,29 AI ST MAKAWAO HI 96768
In Review,906 KAILI PL LAHAINA HI 96761
In Review,593 PRISON ST LAHAINA HI 96761
In Review,71 ULUMALU ROAD HAIKU HI 96708
In Review,71 ULUMALU ROAD HAIKU HI 96708
In Review,nan
In Review,170 PRISON ST LAHAINA HI 96761
In Review,390 PAUWALA PL LAHAINA HI 96761
In Review,312 AULIKE ST LAHAINA HI 96761
In Review,425 AKI ST LAHAINA HI 96761
In Review,154 KUPUOHI ST Unit: E6 LAHAINA HI 96761
In Review,570 LUAKINI ST LAHAINA HI 96761
In Review,nan
In Review,344 AULIKE ST LAHAINA HI 96761
In Review,1401 OLONA PL LAHAINA HI 96761
Submitted ,130 KAMEHAMEHA V HWY KAUNAKAKAI HI 96748
In Review,760 KOLU ST WAILUKU HI 96793
In Review,441 ALA MAKANI PL KAHULUI HI 96732
In Review,580 HANEOO RD HANA HI 96713
In Review,403 PAEOHI ST LAHAINA HI 96761
In Review,156 KOMO MAI ST LAHAINA HI 96761
In Review,439 WAINEE ST LAHAINA HI 96761
In Review,440 ALIO ST LAHAINA HI 96761
In Review,450 ALIO ST LAHAINA HI 96761
In Review,84 PULEHU PL KAHULUI HI 96732
In Review,450 JACARANDA ST LANAI CITY HI 96763
In Review,55 PUKALANI ST PUKALANI HI 96768
In Review,830 KOPILI ST LAHAINA HI 96761
In Review,805 LIPOA PKWY KIHEI HI 96753
In Review,2035 W MAIN ST WAILUKU HI 96793
In Review,3765 LOWER HONOAPIILANI RD LAHAINA HI 96761
In Review,1955 E MAIN ST WAILUKU HI 96793
In Review,1354 LOWER MAIN ST WAILUKU HI 96793
In Review,5541 LOWER HONOAPIILANI RD LAHAINA HI 96761
In Review,908 KOPILI ST LAHAINA HI 96761
In Review,118 KUPUOHI ST LAHAINA HI 96761
In Review,5150 LOWER HONOAPIILANI RD LAHAINA HI 96761
In Review,600 AKAKUU PL WAILUKU HI 96793
In Review,77 HOOKELE ST KAHULUI HI 96732
In Review,843 LANAI AVE LANAI CITY HI 96763
In Review,570 KAHAKO ST LAHAINA HI 96761
In Review,462 MAALO ST KAHULUI HI 96732
In Review,1667 KUUIPO ST LAHAINA HI 96761
Void,325 KEAWE ST LAHAINA HI 96761
In Review,215 S WAKEA AVE KAHULUI HI 96732
In Review,310 KAAHUMANU AVE KAHULUI HI 96732
In Review,1159 MAKAWAO AVE MAKAWAO HI 96768
In Review,383 KANALOA AVE WAILUKU HI 96793
In Review,1127 HAIKU RD Unit: UNIT B HAIKU HI 96708
In Review,885 KOPILI ST LAHAINA HI 96761
In Review,400 AKI ST LAHAINA HI 96761
In Review,209 KOMO MAI ST LAHAINA HI 96761
In Review,10 KAMOI ST KAUNAKAKAI HI 96748
In Review,226 KUPUOHI ST LAHAINA HI 96761
In Review,121 KULA HWY KULA HI 96790
In Review,3957 HANSEN RD PUUNENE HI 96784
In Review,nan
In Review,nan
Void,nan
In Review,83 MALUHIA DR Unit: B WAILUKU HI 96793
In Review,245 SHAW ST LAHAINA HI 96761
In Review,901 PIILANI HWY KIHEI HI 96753
In Review,100 AINOA ST KAUNAKAKAI HI 96748
Void,4440 LOWER HONOAPIILANI RD Unit: 253 LAHAINA HI 96761
In Review,1300 N HOLOPONO ST Unit: C111 KIHEI HI 96753
In Review,4315 ULUMALU PL HAIKU HI 96708
In Review,nan
In Review,503 LAHAINALUNA RD LAHAINA HI 96761
In Review,852 HOPOE ST LAHAINA HI 96761
In Review,909 PUIKI PL LAHAINA HI 96761
In Review,1384 KOMOHANA PL LAHAINA HI 96761
In Review,531 LAHAINALUNA RD LAHAINA HI 96761
In Review,1401 AINAKEA RD LAHAINA HI 96761
In Review,5000 MAKENA RD KIHEI HI 96753
In Review,201 HEAHEA PL WAILUKU HI 96793
In Review,81 ALA MALAMA AVE KAUNAKAKAI HI 96748
In Review,120 MANAKO LN KAUNAKAKAI HI 96748
In Review,0 HALE ST LAHAINA HI 96761
In Review,nan
In Review,551 WAINEE ST LAHAINA HI 96761
Void,nan
In Review,nan
In Review,nan
In Review,1661 KAHEKILI HWY WAILUKU HI 96793
In Review,1281 AINAKEA RD LAHAINA HI 96761
In Review,376 PAUWALA PL LAHAINA HI 96761
In Review,765 PAUOA ST LAHAINA HI 96761
In Review,381 PAUWALA PL LAHAINA HI 96761
In Review,736 PAUNAU ST LAHAINA HI 96761
In Review,731 PUPU PL LAHAINA HI 96761
In Review,736 PUPU PL LAHAINA HI 96761
In Review,789 PAUNAU ST LAHAINA HI 96761
In Review,793 PAUNAU ST LAHAINA HI 96761
In Review,484 PAUU PL LAHAINA HI 96761
In Review,554 WAINEE ST LAHAINA HI 96761
In Review,434 PUALANI ST WAILUKU HI 96793
In Review,4440 LOWER HONOAPIILANI RD Unit: 114 LAHAINA HI 96761
In Review,407 PAEOHI ST LAHAINA HI 96761
In Review,74 PUUNOA PL LAHAINA HI 96761
In Review,1050 MEHAMEHA LOOP PUUNENE HI 96784
In Review,3550 HANA HWY HAIKU HI 96708
In Review,7 AEWA PL MAKAWAO HI 96768
In Review,480 OLINDA RD MAKAWAO HI 96768
In Review,60 E WAKEA AVE Unit: 101 KAHULUI HI 96732
In Review,33 LONO AVE KAHULUI HI 96732
In Review,752 PALA CIR KAHULUI HI 96732
In Review,4535 OPANA PL HAIKU HI 96708
In Review,15287 HALEAKALA HWY KULA HI 96790
In Review,4327 LOWER HONOAPIILANI RD LAHAINA HI 96761
In Review,150 E WELAKAHAO RD Unit: B KIHEI HI 96753
Void,00 Kukuia St.
Void,1234 LOWER MAIN ST WAILUKU HI 96793
In Review,457 AKI ST LAHAINA HI 96761
In Review,394 AKI ST LAHAINA HI 96761
In Review,3506 BALDWIN AVE MAKAWAO HI 96768
In Review,127 HINAU ST LAHAINA HI 96761
In Review,388 AKI ST LAHAINA HI 96761
In Review,1045 FRONT ST LAHAINA HI 96761
In Review,24 PAA ST KAHULUI HI 96732
In Review,nan
In Review,251 PUAPIHI ST LAHAINA HI 96761
In Review,214 KAMEHAMEHA V HWY KAUNAKAKAI HI 96748
In Review,48 HOONANI ST KIHEI HI 96753
In Review,138 KIO LOOP KIHEI HI 96753
In Review,170 NAKOA DR WAILUKU HI 96793
In Review,514 E UAHI WAY WAILUKU HI 96793
In Review,213 W WAIKO RD WAILUKU HI 96793
In Review,37 HOOKELE ST KAHULUI HI 96732
In Review,309 S PUUNENE AVE KAHULUI HI 96732
In Review,162 AINAKULA RD KULA HI 96790
In Review,124 WAIPAO RD KIHEI HI 96753
In Review,484 KUAI PL LAHAINA HI 96761
In Review,848 KANUA ST LAHAINA HI 96761
In Review,1794 S KIHEI RD KIHEI HI 96753
In Review,520 LAHAINALUNA RD LAHAINA HI 96761
In Review,1347 N NINAU ST KIHEI HI 96753
In Review,1245 AINAKEA RD LAHAINA HI 96761
In Review,833 KAAKEPA ST LAHAINA HI 96761
In Review,114 MALOLO PL LAHAINA HI 96761
In Review,363 KEONE ST LAHAINA HI 96761
In Review,842 MELA ST LAHAINA HI 96761
In Review,212 PUAPIHI ST LAHAINA HI 96761
In Review,819 KELAWEA ST LAHAINA HI 96761
In Review,358 HAUOLA PL LAHAINA HI 96761
In Review,1331 EHA ST WAILUKU HI 96793
In Review,1144 HAKINA PL WAILUKU HI 96793
In Review,1385 OLONA PL LAHAINA HI 96761
In Review,1384 FRONT ST LAHAINA HI 96761
In Review,335 HOOHANA ST KAHULUI HI 96732
In Review,2085 W MAIN ST WAILUKU HI 96793
In Review,360 PAPA PL KAHULUI HI 96732
In Review,543 PIKANELE ST LAHAINA HI 96761
In Review,853 KALENA ST LAHAINA HI 96761
In Review,857 KALENA ST LAHAINA HI 96761
In Review,865 KALENA ST LAHAINA HI 96761
In Review,875 KALENA ST LAHAINA HI 96761
In Review,880 LUI ST LAHAINA HI 96761
In Review,890 LUI ST LAHAINA HI 96761
In Review,474 AKI ST LAHAINA HI 96761
In Review,471 KAUHI PL LAHAINA HI 96761
In Review,861 LUI ST LAHAINA HI 96761
In Review,858 KELAWEA ST LAHAINA HI 96761
In Review,852 KELAWEA ST LAHAINA HI 96761
In Review,837 KALENA ST LAHAINA HI 96761
In Review,509 ILIKAHI ST LAHAINA HI 96761
In Review,1941 S KIHEI RD KIHEI HI 96753
In Review,1279 S KIHEI RD KIHEI HI 96753
In Review,175 FLEMING RD LAHAINA HI 96761
In Review,176 PANAEWA ST LAHAINA HI 96761
In Review,22 WAIMAHAIHAI ST KIHEI HI 96753
Plan Approved Pending Permit,153 E KAMEHAMEHA AVE KAHULUI HI 96732
In Review,370 DAIRY RD KAHULUI HI 96732
In Review,368 N MARKET ST WAILUKU HI 96793
In Review,362 HUKU LII PL KIHEI HI 96753
In Review,2600 KULAKULA RD KULA HI 96790
Void,1279 S KIHEI RD KIHEI HI 96753
In Review,26 NONOHE PL PAIA HI 96779
In Review,nan
In Review,648 PILI LOKO ST PAIA HI 96779
In Review,41 HUI H DR LAHAINA HI 96761
In Review,570 KAHENA ST LAHAINA HI 96761
In Review,558 KAHENA ST LAHAINA HI 96761
In Review,639 BALDWIN AVE PAIA HI 96779
In Review,nan
In Review,45 NOHOKAI ST KIHEI HI 96753
In Review,410 KALUA RD WAILUKU HI 96793
In Review,1436 KAHOMA ST LAHAINA HI 96761
In Review,74 LOWER WAIEHU BEACH RD WAILUKU HI 96793
In Review,101 LUNALILO ST WAILUKU HI 96793
In Review,624 LUAKINI ST LAHAINA HI 96761
In Review,536 LAHAINALUNA RD Unit: 4 LAHAINA HI 96761
In Review,200 NOHEA KAI DR LAHAINA HI 96761
In Review,18 KAUAULA RD LAHAINA HI 96761
In Review,76 HOKU PUHIPAKA ST KAHULUI HI 96732
In Review,2307 W MAIN ST WAILUKU HI 96793
In Review,3408 KUAUA PL KIHEI HI 96753
In Review,651 WAIPOLI RD KULA HI 96790
In Review,nan
In Review,6855 MAUNALOA HWY HOOLEHUA HI 96729
In Review,65 KALO RD HANA HI 96713
In Review,2845 PANEPOO ST KIHEI HI 96753
In Review,1760 HONOAPIILANI HIGHWAY LAHAINA HI 96761
In Review,200 LIHOLIHO ST WAILUKU HI 96793
In Review,nan
In Review,1898 E MAIN ST WAILUKU HI 96793
In Review,231 MOMI PL WAILUKU HI 96793
In Review,22 N PUUMAKANI PL KAHULUI HI 96732
In Review,18 N PUUMAKANI PL KAHULUI HI 96732
In Review,534 KUALUA PL LANAI CITY HI 96763
In Review,14 N PUUMAKANI PL KAHULUI HI 96732
In Review,46 N PUUMAKANI PL KAHULUI HI 96732
In Review,182 NOPU ST PUUNENE HI 96784
In Review,1062 LOWER MAIN ST WAILUKU HI 96793
In Review,720 LOWER MAIN ST WAILUKU HI 96793
In Review,74 LEIE ST MAKAWAO HI 96768
Void,nan
In Review,841 ALUA ST WAILUKU HI 96793
Void,nan
In Review,1550 KOKOMO RD HAIKU HI 96708
In Review,240 KEPUHI PL MAUNALOA HI 96770
In Review,139 MEHANI PL KIHEI HI 96753
In Review,351 AULIKE ST LAHAINA HI 96761
In Review,396 PAEOHI ST LAHAINA HI 96761
In Review,400 ALA MAKANI ST KAHULUI HI 96732
In Review,363 DICKENSON ST LAHAINA HI 96761
In Review,280 ALA MALAMA AVE KAUNAKAKAI HI 96748
In Review,539 PIO DR WAILUKU HI 96793
In Review,2180 FARRINGTON AVE HOOLEHUA HI 96729
In Review,1088 LOWER MAIN ST WAILUKU HI 96793
In Review,220 LALO ST KAHULUI HI 96732
In Review,283 LALO ST KAHULUI HI 96732
In Review,180 KAMA ST WAILUKU HI 96793
In Review,264 ALALANI ST MAKAWAO HI 96768
In Review,129 NIIHAU ST KAHULUI HI 96732
In Review,228 KOMO MAI ST LAHAINA HI 96761
In Review,1507 PIIHANA RD WAILUKU HI 96793
In Review,333 DAIRY RD KAHULUI HI 96732
In Review,460 PUALANI ST WAILUKU HI 96793
In Review,383 KEA ST KAHULUI HI 96732
In Review,74 LONO AVE KAHULUI HI 96732
In Review,186 PIIHOLO RD MAKAWAO HI 96768
In Review,3300 WAILEA ALANUI DR Unit: 39D KIHEI HI 96753
In Review,284 ALALANI ST PUKALANI HI 96768
In Review,82 KANANI RD KIHEI HI 96753
In Review,40 KUPALAIKI LOOP KIHEI HI 96753
In Review,2105 W MAIN ST WAILUKU HI 96793
In Review,149 FLEMING RD LAHAINA HI 96761
In Review,141 FLEMING RD LAHAINA HI 96761
In Review,281 PRISON ST LAHAINA HI 96761
In Review,3481 LOWER HONOAPIILANI RD LAHAINA HI 96761
In Review,165 FLEMING RD LAHAINA HI 96761
In Review,2200 HONOAPIILANI HWY WAILUKU HI 96793
In Review,2605 KAANAPALI PKWY LAHAINA HI 96761
In Review,1700 S ALANIU PL KIHEI HI 96753
In Review,844 FRONT ST Unit: 106-107 LAHAINA HI 96761
In Review,400 HOOKAHI ST WAILUKU HI 96793
In Review,1847 S KIHEI RD KIHEI HI 96753
In Review,nan
In Review,160 MARKET ST WAILUKU HI 96793
In Review,592 LINEKONA PL WAILUKU HI 96793
In Review,15 VEVAU ST KAHULUI HI 96732
In Review,2010 W MAIN ST WAILUKU HI 96793
In Review,230 HANA HWY KAHULUI HI 96732
In Review,106 KANE ST KAHULUI HI 96732
In Review,65 KAAHUMANU AVE KAHULUI HI 96732
In Review,320 OHUKAI RD KIHEI HI 96753
In Review,22 WAIMAHAIHAI ST KIHEI HI 96753
In Review,60 ULUPONO ST Unit: 109 LAHAINA HI 96761
In Review,280 S PUUNENE AVE KAHULUI HI 96732
In Review,41 PALEKANA ST PAIA HI 96779
In Review,nan
In Review,406 AKI ST LAHAINA HI 96761
In Review,1221 HONOAPIILANI HWY LAHAINA HI 96761
In Review,nan
In Review,13352 HALEAKALA HWY KULA HI 96790
In Review,375 HUKU LII PL KIHEI HI 96753
In Review,197 N MARKET ST WAILUKU HI 96793
In Review,nan
In Review,177 KUENA LN KAHULUI HI 96732
In Review,nan
In Review,nan
In Review,342 AULIKE ST LAHAINA HI 96761
In Review,620 MILL ST LAHAINA HI 96761
In Review,38 LAA ST KAHULUI HI 96732
In Review,42 LAA ST KAHULUI HI 96732
In Review,2005 W MAIN ST WAILUKU HI 96793
In Review,575 S KIHEI RD KIHEI HI 96753
In Review,587 KALEO PL KIHEI HI 96753
In Review,173 SHAW ST LAHAINA HI 96761
In Review,12 UNAHE ST KAHULUI HI 96732
In Review,411 8TH ST LANAI CITY HI 96763
In Review,1295 FRONT ST LAHAINA HI 96761
In Review,193 KUPUOHI ST LAHAINA HI 96761
In Review,23 ULUPONO ST LAHAINA HI 96761
In Review,4655 S KAMEHAMEHA AVE KAHULUI HI 96732
In Review,nan
In Review,1155 LIMAHANA CIR LAHAINA HI 96761
In Review,495 LIHOLIHO ST WAILUKU HI 96793
In Review,nan
In Review,1870 E MAIN ST WAILUKU HI 96793
In Review,1809 WILI PA LOOP WAILUKU HI 96793
In Review,66 ALAE ST KAHULUI HI 96732
In Review,30 OKI PL KAUNAKAKAI HI 96748
In Review,105 MAA PL KAHULUI HI 96732
In Review,nan
In Review,340 AULIKE ST LAHAINA HI 96761
In Review,356 AULIKE ST LAHAINA HI 96761
In Review,2385 S KIHEI RD KIHEI HI 96753
In Review,509 PIO PL WAILUKU HI 96793
In Review,nan
In Review,1320 N NINAU ST KIHEI HI 96753
In Review,411 HUKU LII PL KIHEI HI 96753
In Review,2994 S KIHEI RD KIHEI HI 96753
In Review,85 KONO PL KAHULUI HI 96732
In Review,325 KAEO PL LAHAINA HI 96761
In Review,108 MAA PL KAHULUI HI 96732
In Review,2102 W VINEYARD ST WAILUKU HI 96793
In Review,2295 S KIHEI RD KIHEI HI 96753
In Review,56 KEALA PL KIHEI HI 96753
In Review,101 PIIHANA RD WAILUKU HI 96793
In Review,986 LOWER MAIN ST WAILUKU HI 96793
In Review,nan
In Review,406 KAAO CIR KAHULUI HI 96732
In Review,28 N PUUMAKANI PL KAHULUI HI 96732
In Review,64 PUUMAKANI ST KAHULUI HI 96732
In Review,84 PUUMAKANI ST KAHULUI HI 96732
In Review,38 N PUUMAKANI PL KAHULUI HI 96732
In Review,76 PUUMAKANI ST KAHULUI HI 96732
In Review,90 PUUMAKANI ST KAHULUI HI 96732
In Review,94 PUUMAKANI ST KAHULUI HI 96732
In Review,1343 KAHOMA ST LAHAINA HI 96761
In Review,1205 ULUNIU RD KIHEI HI 96753
In Review,97 KUPUNA ST KIHEI HI 96753
In Review,1246 LOWER MAIN ST WAILUKU HI 96793
In Review,660 WAINEE ST LAHAINA HI 96761
In Review,1124 LOWER MAIN ST WAILUKU HI 96793
In Review,851 EHA ST WAILUKU HI 96793
In Review,310 HOOKAHI ST WAILUKU HI 96793
In Review,170 E KAMEHAMEHA AVE KAHULUI HI 96732
In Review,200 E KAMEHAMEHA AVE KAHULUI HI 96732
In Review,140 KEHALANI VILLAGE DR WAILUKU HI 96793
In Review,195 KEHALANI VILLAGE DR WAILUKU HI 96793
In Review,285 KEHALANI VILLAGE DR WAILUKU HI 96793
In Review,201 KOMO MAI ST LAHAINA HI 96761
In Review,465 S HIGH ST WAILUKU HI 96793
In Review,nan
In Review,165 KEHALANI VILLAGE DR WAILUKU HI 96793
In Review,281 MIKOHU LOOP KAHULUI HI 96732
In Review,403 PAUWALA PL LAHAINA HI 96761
In Review,357 OLULOA DR WAILUKU HI 96793
In Review,177 WAIANAE PL LAHAINA HI 96761
In Review,277 KOMO MAI ST LAHAINA HI 96761
In Review,735 PUPU PL LAHAINA HI 96761
In Review,86 MAIHA ST LAHAINA HI 96761
In Review,160 KANE ST KAHULUI HI 96732
In Review,309 KOMO MAI ST LAHAINA HI 96761
In Review,1305 HOAPILI ST LAHAINA HI 96761
In Review,380 KOMO MAI ST LAHAINA HI 96761
In Review,43 N PUUMAKANI PL KAHULUI HI 96732
In Review,47 N PUUMAKANI PL KAHULUI HI 96732
In Review,35 N PUUMAKANI PL KAHULUI HI 96732
In Review,31 N PUUMAKANI PL KAHULUI HI 96732
In Review,39 N PUUMAKANI PL KAHULUI HI 96732
In Review,27 N PUUMAKANI PL KAHULUI HI 96732
In Review,51 N PUUMAKANI PL KAHULUI HI 96732
In Review,468 FRONT ST Unit: E LAHAINA HI 96761
In Review,377 LAHAINALUNA RD LAHAINA HI 96761
In Review,804 KUHUA ST LAHAINA HI 96761
In Review,183 KU DR WAILUKU HI 96793
In Review,1154 LAHILAHI PL LAHAINA HI 96761
In Review,158 PIIKEA AVE KIHEI HI 96753
In Review,78 ULUPONO ST LAHAINA HI 96761
In Review,1049 HOU ST KIHEI HI 96753
In Review,211 KEONEKAI RD KIHEI HI 96753
In Review,2149 HOLOWAI PL WAILUKU HI 96793
Withdrawn,2200 W MAIN ST WAILUKU HI 96793
In Review,129 KONO PL KAHULUI HI 96732
In Review,582 LUAKINI ST LAHAINA HI 96761
In Review,423 ILIKAHI ST LAHAINA HI 96761
In Review,157 KUPUOHI ST Unit: J-1 LAHAINA HI 96761
In Review,503 KEA ST KAHULUI HI 96732
In Review,661 KAUMUALII ST WAILUKU HI 96793
In Review,1327 HOAPILI ST LAHAINA HI 96761
In Review,284 FRONT ST LAHAINA HI 96761
In Review,591 KAHENA ST LAHAINA HI 96761
In Review,70 HAUOLI ST WAILUKU HI 96793
In Review,1356 KAHOMA ST LAHAINA HI 96761
In Review,398 PAUWALA PL LAHAINA HI 96761
In Review,453 AKI ST LAHAINA HI 96761
In Review,367 PAKANA ST WAILUKU HI 96753
Void,305 KEAWE ST Unit: B119 LAHAINA HI 96761
In Review,104 KAANAPALI SHORES PL LAHAINA HI 96761
In Review,653 MAPUANA PL WAILUKU HI 96793
In Review,nan
In Review,1280 S KIHEI RD KIHEI HI 96753
In Review,700 HALIA NAKOA ST WAILUKU HI 96793
Void,210 NOPU ST PUUNENE HI 96784
In Review,3741 LOWER HONOAPIILANI RD LAHAINA HI 96761
In Review,298 MANINI PL KIHEI HI 96753
In Review,575 S KIHEI RD KIHEI HI 96753
In Review,233 S MOKAPU ST KAHULUI HI 96732
In Review,1101 NAKULUAI ST WAILUKU HI 96793
In Review,496 KAAO CIR KAHULUI HI 96732
In Review,100 AKAHELE ST LAHAINA HI 96761
In Review,101 12TH ST LANAI CITY HI 96763
In Review,371 WAIEHU BEACH RD WAILUKU HI 96793
In Review,340 OHUKAI RD KIHEI HI 96753
In Review,186 ANAPUNI LOOP LAHAINA HI 96761
In Review,32 KUU ONE HANAU WAY WAILUKU HI 96793
In Review,256 W HAWAII ST KAHULUI HI 96732
In Review,nan
In Review,136 PONIU CIR WAILUKU HI 96793
In Review,656 S ALU RD WAILUKU HI 96793
In Review,2099 HEWAHEWA DR WAILUKU HI 96793
In Review,995 ANAPUNI PL LAHAINA HI 96761
In Review,1146 HAKINA PL WAILUKU HI 96793
In Review,31 IRONWOOD LN Unit: 31 LAHAINA HI 96761
In Review,850 KAUMALAPAU HWY LANAI CITY HI 96763
In Review,643 ANELA PL WAILUKU HI 96793
In Review,911 OLIOLI ST MAKAWAO HI 96768
In Review,84 PUUNOA PL LAHAINA HI 96761
In Review,576 KAULANA ST KAHULUI HI 96732
In Review,524 ANAPUNI LOOP LAHAINA HI 96761
In Review,79 HOOLAAU ST WAILUKU HI 96793
In Review,nan
In Review,309 HOUSTON ST LANAI CITY HI 96763
In Review,nan
In Review,1519 HALAMA ST KIHEI HI 96753
In Review,139 5TH ST LANAI CITY HI 96763
In Review,nan
In Review,1028 WAINEE ST LAHAINA HI 96761
In Review,1006 S KIHEI RD KIHEI HI 96753
In Review,442 KENOLIO RD KIHEI HI 96753
In Review,30 N CHURCH ST WAILUKU HI 96793
Void,nan
In Review,15 ALA MALAMA AVE KAUNAKAKAI HI 96748
In Review,816 NIHEU ST LAHAINA HI 96761
In Review,nan
In Review,746 HANA HWY Unit: 101 PAIA HI 96779
In Review,1215 S KIHEI RD Unit: D1 KIHEI HI 96753
In Review,122 KAMEHAMEHA V HWY KAUNAKAKAI HI 96748
Void,nan
In Review,2629 MAIN ST Unit: A WAILUKU HI 96793
In Review,2623 W MAIN ST WAILUKU HI 96793
In Review,795 PALA CIR KAHULUI HI 96732
In Review,214 LONO AVE KAHULUI HI 96732
In Review,552 HAAWINA ST PAIA HI 96779
In Review,1750 KAAHUMANU AVE WAILUKU HI 96793
In Review,53 HUI H DR LAHAINA HI 96761
In Review,55 PUKALANI ST PUKALANI HI 96768
In Review,175 KAMEHAMEHA V HWY KAUNAKAKAI HI 96748
In Review,277 NOPU ST PUUNENE HI 96784
In Review,nan
In Review,3200 WAILEA ALANUI DR KIHEI HI 96753
In Review,nan
In Review,3600 WAILEA ALANUI DR KIHEI HI 96753
In Review,3300 WAILEA ALANUI DR KIHEI HI 96753
In Review,3300 WAILEA ALANUI DR KIHEI HI 96753
In Review,3300 WAILEA ALANUI DR KIHEI HI 96753
In Review,525 EHEHENE ST LAHAINA HI 96761
In Review,172 LOWER WAIEHU BEACH RD WAILUKU HI 96793
In Review,166 LOWER WAIEHU BEACH RD WAILUKU HI 96793
In Review,1300 N HOLOPONO ST KIHEI HI 96753
In Review,3785 LOWER HONOAPIILANI RD LAHAINA HI 96761
In Review,1058 LIMAHANA PL LAHAINA HI 96761
In Review,352 MIKOHU LOOP KAHULUI HI 96732
In Review,nan
In Review,255 PIIKEA AVE KIHEI HI 96753
In Review,5095 LOWER HONOAPIILANI RD LAHAINA HI 96761
In Review,111 KUKUIA ST LAHAINA HI 96761
In Review,1910 KAOHU ST WAILUKU HI 96793
In Review,335 MAKUA ST WAILUKU HI 96793
In Review,21 ULUMAU PL PAIA HI 96779
In Review,37 E HAWAII ST KAHULUI HI 96732
In Review,1816 HALAMA ST KIHEI HI 96753
In Review,328 HILU PL KAHULUI HI 96732
In Review,562 LAAU ST KAHULUI HI 96732
In Review,284 W LANAI ST KAHULUI HI 96732
In Review,1291 N HOLOPONO ST KIHEI HI 96753
In Review,155 HALEKUAI ST KIHEI HI 96753
In Review,251 PUALALEA CIR WAILUKU HI 96793
In Review,335 KEAWE ST LAHAINA HI 96761
In Review,359 FIFTH ST LANAI CITY HI 96763
In Review,250 LAUO LOOP KAHULUI HI 96732
In Review,333 6TH ST LANAI CITY HI 96763
In Review,400 HOLUA DR KAHULUI HI 96732
In Review,nan
In Review,4054 MAHINAHINA PL LAHAINA HI 96761
In Review,2425 HOLOWAI PLACE WAILUKU HI 96793
In Review,5461 LOWER HONOAPIILANI RD LAHAINA HI 96761
In Review,346 KONAHEA ST WAILUKU HI 96793
In Review,120 HANA HWY PAIA HI 96779
In Review,2086 W MAIN ST WAILUKU HI 96793
Void,2138 W MAIN ST WAILUKU HI 96793
In Review,430 PUOLO PL KAHULUI HI 96732
In Review,1981 OLU DR WAILUKU HI 96793
In Review,471 LIHOLIHO ST WAILUKU HI 96793
In Review,434 ALEO PL KAHULUI HI 96732
In Review,nan
In Review,443 LAHAINALUNA RD LAHAINA HI 96761
In Review,1270 KILOU LOOP WAILUKU HI 96793
In Review,133 KU DR WAILUKU HI 96793
In Review,59 HIHIO PL KAUNAKAKAI HI 96748
In Review,275 KAAHUMANU AVE KAHULUI HI 96732
In Review,300 MAALAEA RD WAILUKU HI 96793
In Review,nan
In Review,269 HALENANI DR WAILUKU HI 96793
In Review,232 KANANI RD KIHEI HI 96753
In Review,151 HANA HWY PAIA HI 96779
In Review,503 KEA ST KAHULUI HI 96732
In Review,4909 LOWER HONOAPIILANI RD LAHAINA HI 96761
In Review,101 KUIKAHI DR WAILUKU HI 96793
In Review,154 KUPUOHI ST Unit: E1 LAHAINA HI 96761
In Review,95 MAHALANI ST WAILUKU HI 96793
Void,284 KEHALANI VILLAGE DR WAILUKU HI 96793
In Review,550 NOPU ST PUUNENE HI 96784
In Review,165 HALEKUAI ST KIHEI HI 96753
In Review,202 NOPU ST PUUNENE HI 96784
In Review,140 KEHALANI VILLAGE DR WAILUKU HI 96793
In Review,4100 WAILEA ALANUI DR KIHEI HI 96753
In Review,392 MOLOKAI HEMA ST KAHULUI HI 96732
In Review,2239 S KIHEI RD KIHEI HI 96753
In Review,4405 HONOAPIILANI HWY LAHAINA HI 96761
In Review,121 MAA ST KAHULUI HI 96732
In Review,nan
In Review,nan
In Review,nan
In Review,nan
In Review,3700 WAILEA ALANUI DR KIHEI HI 96753
In Review,nan
In Review,55 PAKAULA ST KAHULUI HI 96732
In Review,nan
In Review,5184 LOWER HONOAPIILANI RD LAHAINA HI 96761
In Review,376 NIIHAU ST KAHULUI HI 96732
In Review,860 S KIHEI RD KIHEI HI 96753
In Review,189 W HAWAII ST KAHULUI HI 96732
Closed,10 HUIHUI PL WAILUKU HI 96793
In Review,380 EHUNANI CIR LANAI CITY HI 96763
In Review,174 WALUA PL KIHEI HI 96753
In Review,nan
In Review,1037 KUPULAU DR KIHEI HI 96753
In Review,43 W WAKEA AVE KAHULUI HI 96732
In Review,403 S OAHU ST KAHULUI HI 96732
In Review,1670 HALAMA ST Unit: A KIHEI HI 96753
In Review,262 NAKOA DR WAILUKU HI 96793
In Review,537 S KAMEHAMEHA AVE KAHULUI HI 96732
In Review,1386 KOMOHANA PL LAHAINA HI 96761
In Review,153 AKIALOA ST WAILUKU HI 96793
In Review,5110 LOWER HONOAPIILANI RD LAHAINA HI 96761
In Review,932 KANAKEA LOOP LAHAINA HI 96761
In Review,118 ULUMAU PL PAIA HI 96779
In Review,223 LAUO LOOP KAHULUI HI 96732
In Review,11 BALDWIN AVE PAIA HI 96779
In Review,0 WILI PA LOOP WAILUKU
In Review,303 PIIKEA AVE KIHEI HI 96753
In Review,184 NAMAUU PL KIHEI HI 96753
In Review,nan
In Review,367 LUAWAI ST LAHAINA HI 96761
In Review,812 S LAALO PL LAHAINA HI 96761
In Review,632 KAINALU PL WAILUKU HI 96793
In Review,2135 WAI MAKA PL KIHEI HI 96753
In Review,18 HUIHUI PL WAILUKU HI 96793
In Review,351 EA ST WAILUKU HI 96793
In Review,131 MISSION ST WAILUKU HI 96793
In Review,1259 LOWER MAIN ST WAILUKU HI 96793
In Review,2666 WAI WAI PL KIHEI HI 96753
In Review,LUNALILO ST WAILUKU
Void,nan
In Review,nan
In Review,1100 LANAI AVE LANAI CITY HI 96763
In Review,1803 NANI ST WAILUKU HI 96793
In Review,30 KAIMAU ST PAIA HI 96779
In Review,30 KAIMAU ST PAIA HI 96779
In Review,119 PUUMAKANI ST KAHULUI HI 96732
In Review,131 PUUMAKANI ST KAHULUI HI 96732
In Review,127 PUUMAKANI ST KAHULUI HI 96732
In Review,123 PUUMAKANI ST KAHULUI HI 96732
In Review,115 PUUMAKANI ST KAHULUI HI 96732
In Review,111 PUUMAKANI ST KAHULUI HI 96732
In Review,107 PUUMAKANI ST KAHULUI HI 96732
In Review,95 PUUMAKANI ST KAHULUI HI 96732
In Review,91 PUUMAKANI ST KAHULUI HI 96732
In Review,87 PUUMAKANI ST KAHULUI HI 96732
In Review,83 PUUMAKANI ST KAHULUI HI 96732
In Review,16 W HAWAII ST KAHULUI HI 96732
In Review,79 PUUMAKANI ST KAHULUI HI 96732
In Review,75 PUUMAKANI ST KAHULUI HI 96732
In Review,71 PUUMAKANI ST KAHULUI HI 96732
In Review,10 S MOHALA ST KAUNAKAKAI HI 96748
In Review,67 PUUMAKANI ST KAHULUI HI 96732
In Review,777 MAUI VETERANS HWY KAHULUI HI 96732
In Review,56 POLANI ST KAHULUI HI 96732
In Review,476 LILIHUA PL WAILUKU HI 96793
In Review,20 PANO PL KAUNAKAKAI HI 96748
In Review,335 S PAPA AVE KAHULUI HI 96732
In Review,555 FRASER AVE LANAI CITY HI 96763
In Review,2525 KAANAPALI PKWY LAHAINA HI 96761
In Review,50 NOHEA KAI DR LAHAINA HI 96761
In Review,211 KANALOA AVE WAILUKU HI 96793
In Review,104 LOLII PL LAHAINA HI 96761
In Review,nan
In Review,2000 VILLAGE RD LAHAINA HI 96761
In Review,nan
In Review,nan
In Review,4570 LOWER HONOAPIILANI RD LAHAINA HI 96761
In Review,nan
In Review,306 MAMO PL WAILUKU HI 96793
In Review,129 KONO PL KAHULUI HI 96732
In Review,1097 KAHAAPO LOOP KIHEI HI 96753
In Review,364 S KAMEHAMEHA AVE KAHULUI HI 96732
In Review,261 W KAMEHAMEHA AVE KAHULUI HI 96732
In Review,77 MISSION ST WAILUKU HI 96793
In Review,464 LIPO PL WAILUKU HI 96793
In Review,1371 OLD WAIKAPU RD WAILUKU HI 96793
In Review,1602 S KIHEI RD KIHEI HI 96753
In Review,nan
In Review,449 S KAMEHAMEHA AVE KAHULUI HI 96732
In Review,338 PALAMA DR KAHULUI HI 96732
In Review,282 LAAU ST KAHULUI HI 96732
In Review,1454 HALAMA ST KIHEI HI 96753
In Review,440 POHEOHEO PL KAHULUI HI 96732
In Review,218 MEHANI CIR KIHEI HI 96753
In Review,44 HONUEA PL KIHEI HI 96753
In Review,1488 S KIHEI RD KIHEI HI 96753
In Review,50 KAI PL PAIA HI 96779
In Review,320 NAKOA DR WAILUKU HI 96793
In Review,2 AKALEI PL KAHULUI HI 96732
In Review,482 PUALANI ST WAILUKU HI 96793
In Review,35 AUHANA RD KIHEI HI 96753
In Review,80 MAHALANI ST WAILUKU HI 96793
In Review,540 HALEAKALA HWY KAHULUI HI 96732
In Review,50 NORTH PUUNENE AVE KAHULUI HI 96732
In Review,3445 LOWER HONOAPIILANI RD LAHAINA HI 96761
In Review,771 ALUA ST WAILUKU HI 96793
In Review,553 KUNU PL KAHULUI HI 96732
In Review,2259 S KIHEI RD KIHEI HI 96753
In Review,10 HOOLEI CIR KIHEI HI 96753
In Review,37 NONOHE PL PAIA HI 96779
In Review,1419 KEAWE ST LAHAINA HI 96761
In Review,210 OIO PL KIHEI HI 96753
In Review,176 E LIPOA ST KIHEI HI 96753
In Review,732 HALEAKALA HWY KAHULUI HI 96732
In Review,824 HALEAKALA HWY KAHULUI HI 96732
In Review,870 HALEAKALA HWY KAHULUI HI 96732
In Review,270 LAUO LOOP KAHULUI HI 96732
In Review,250 LAUO LOOP KAHULUI HI 96732
In Review,153 KAAHUMANU AVE KAHULUI HI 96732
In Review,nan
In Review,461 S KAMEHAMEHA AVE KAHULUI HI 96732
In Review,nan
In Review,205 HOLUA DR KAHULUI HI 96732
In Review,528 PIKANELE ST LAHAINA HI 96761
In Review,1819 S KIHEI RD KIHEI HI 96753
In Review,81 KAUNAKAKAI PL KAUNAKAKAI HI 96748
In Review,72 KUPUNA ST KIHEI HI 96753
In Review,2114 HEWAHEWA DR WAILUKU HI 96793
In Review,155 ALIILANI PL KIHEI HI 96753
In Review,156 ALIILANI PL KIHEI HI 96753
In Review,1385 KAKAE PL WAILUKU HI 96793
In Review,1435 KILINOE PL WAILUKU HI 96793
In Review,380 WAIEHU BEACH RD WAILUKU HI 96793
In Review,256 KANOA ST WAILUKU HI 96793
In Review,2271 MOKUHAU RD WAILUKU HI 96793
In Review,2276 MOKUHAU RD WAILUKU HI 96793
In Review,125 NANILOA DR WAILUKU HI 96793
In Review,21 OLALI ST LAHAINA HI 96761
In Review,436 KENOLIO RD KIHEI HI 96753
In Review,212 NAKOA DR WAILUKU HI 96793
In Review,2175 ULU PL WAILUKU HI 96793
In Review,178 NANILOA DR Unit: A WAILUKU HI 96793
In Review,375 ALA MALAMA AVE KAUNAKAKAI HI 96748
In Review,nan
In Review,nan
In Review,193 LOWER WAIEHU BEACH RD WAILUKU HI 96793
In Review,179 LOWER WAIEHU BEACH RD WAILUKU HI 96793
In Review,171 LOWER WAIEHU BEACH RD WAILUKU HI 96793
In Review,194 LOWER WAIEHU BEACH RD WAILUKU HI 96793
In Review,186 LOWER WAIEHU BEACH RD WAILUKU HI 96793
In Review,180 LOWER WAIEHU BEACH RD WAILUKU HI 96793
In Review,159 LOWER WAIEHU BEACH RD WAILUKU HI 96793
In Review,nan
In Review,nan
In Review,nan
In Review,167 LOWER WAIEHU BEACH RD WAILUKU HI 96793
In Review,916 KIKA ST WAILUKU HI 96793
In Review,614 ALIHILANI ST WAILUKU HI 96793
In Review,1039 LAELAE ST WAILUKU HI 96793
